date,open,high,low,close
2020-12-02,ESZ20,3661.25,3672.75,3642.25
2020-12-03,ESZ20,3671.0,3682.0,3655.25
2020-12-04,ESZ20,3668.25,3700.0,3665.5
2020-12-07,ESZ20,3694.75,3705.0,3672.25
2020-12-08,ESZ20,3682.75,3708.0,3664.25
2020-12-09,ESZ20,3707.75,3714.75,3659.5
2020-12-10,ESZ20,3669.5,3681.25,3644.0
2020-12-11,ESZ20,3670.0,3674.75,3628.25
2020-12-14,ESH21,3670.0,3691.5,3637.5
2020-12-15,ESH21,3647.0,3688.5,3636.25
2020-12-16,ESH21,3689.75,3704.5,3680.0
2020-12-17,ESH21,3697.0,3717.5,3692.0
2020-12-18,ESH21,3713.0,3723.0,3677.25
2020-12-21,ESH21,3718.25,3724.0,3596.0
2020-12-22,ESH21,3685.0,3695.0,3663.75
2020-12-23,ESH21,3674.25,3701.75,3651.0
2020-12-24,ESH21,3685.25,3696.0,3678.5
2020-12-28,ESH21,3682.0,3732.25,3676.0
2020-12-29,ESH21,3731.0,3747.75,3714.5
2020-12-30,ESH21,3724.5,3738.25,3716.5
2020-12-31,ESH21,3725.0,3753.0,3715.0
2021-01-04,ESH21,3748.75,3773.25,3652.5
2021-01-05,ESH21,3695.0,3730.0,3673.25
2021-01-06,ESH21,3717.5,3774.75,3685.5
2021-01-07,ESH21,3752.5,3804.0,3742.0
2021-01-08,ESH21,3797.75,3824.5,3775.0
2021-01-11,ESH21,3815.5,3820.75,3776.5
2021-01-12,ESH21,3794.25,3806.75,3768.0
2021-01-13,ESH21,3792.0,3813.5,3776.5
2021-01-14,ESH21,3808.5,3817.75,3786.25
2021-01-15,ESH21,3793.0,3797.75,3741.5
2021-01-19,ESH21,3750.0,3797.0,3740.5
2021-01-20,ESH21,3796.75,3852.5,3788.5
2021-01-21,ESH21,3841.5,3859.75,3836.5
2021-01-22,ESH21,3846.75,3849.0,3813.25
2021-01-25,ESH21,3835.5,3853.25,3788.5
2021-01-26,ESH21,3845.0,3862.25,3821.5
2021-01-27,ESH21,3845.25,3853.0,3706.5
2021-01-28,ESH21,3735.25,3823.5,3703.5
2021-01-29,ESH21,3770.25,3777.25,3685.5
2021-02-01,ESH21,3692.25,3777.0,3656.5
2021-02-02,ESH21,3764.75,3835.75,3760.0
2021-02-03,ESH21,3829.5,3843.5,3807.75
2021-02-04,ESH21,3832.75,3869.75,3811.25
2021-02-05,ESH21,3864.25,3888.25,3860.0
2021-02-08,ESH21,3889.0,3911.25,3885.5
2021-02-09,ESH21,3910.5,3913.25,3895.0
2021-02-10,ESH21,3912.25,3928.5,3878.25
2021-02-11,ESH21,3907.0,3920.5,3884.5
2021-02-12,ESH21,3905.25,3936.25,3890.25
2021-02-16,ESH21,3936.5,3959.25,3918.75
2021-02-17,ESH21,3929.0,3932.25,3896.5
2021-02-18,ESH21,3928.25,3936.0,3880.5
2021-02-19,ESH21,3910.5,3931.0,3890.25
2021-02-22,ESH21,3905.5,3914.5,3861.25
2021-02-23,ESH21,3878.0,3896.0,3804.75
2021-02-24,ESH21,3876.25,3927.75,3851.75
2021-02-25,ESH21,3923.5,3934.5,3810.25
2021-02-26,ESH21,3823.25,3858.5,3785.0
2021-03-01,ESH21,3817.25,3912.0,3812.5
2021-03-02,ESH21,3903.25,3906.5,3865.5
2021-03-03,ESH21,3867.5,3898.0,3813.0
2021-03-04,ESH21,3818.0,3842.25,3720.5
2021-03-05,ESH21,3765.5,3850.0,3728.5
2021-03-08,ESH21,3854.75,3878.75,3796.25
2021-03-09,ESH21,3831.25,3901.25,3826.25
2021-03-10,ESH21,3878.5,3916.25,3856.25
2021-03-11,ESH21,3907.75,3958.5,3893.0
2021-03-12,ESH21,3937.5,3947.5,3910.25
2021-03-15,ESM21,3937.5,3960.25,3913.0
2021-03-16,ESM21,3957.75,3970.75,3942.75
2021-03-17,ESM21,3957.25,3973.5,3925.0
2021-03-18,ESM21,3962.0,3978.5,3900.5
2021-03-19,ESM21,3910.75,3923.5,3875.0
2021-03-22,ESM21,3893.5,3944.5,3885.0
2021-03-23,ESM21,3933.25,3938.75,3890.5
2021-03-24,ESM21,3905.75,3931.5,3877.5
2021-03-25,ESM21,3882.75,3909.5,3843.25
2021-03-26,ESM21,3907.5,3968.0,3900.75
2021-03-29,ESM21,3962.25,3971.25,3928.75
2021-03-30,ESM21,3965.25,3968.5,3933.75
2021-03-31,ESM21,3949.5,3983.75,3941.5
2021-04-01,ESM21,3967.5,4015.25,3964.5
2021-04-05,ESM21,4030.0,4073.75,4021.0
2021-04-06,ESM21,4069.75,4076.0,4052.25
2021-04-07,ESM21,4067.0,4075.5,4056.5
2021-04-08,ESM21,4074.25,4098.5,4072.5
2021-04-09,ESM21,4098.0,4121.5,4081.0
2021-04-12,ESM21,4114.25,4124.5,4104.5
2021-04-13,ESM21,4122.75,4139.75,4101.25
2021-04-14,ESM21,4134.75,4144.0,4113.0
2021-04-15,ESM21,4123.5,4166.5,4119.5
2021-04-16,ESM21,4162.75,4183.5,4154.25
2021-04-19,ESM21,4165.0,4174.75,4141.75
2021-04-20,ESM21,4156.25,4167.25,4110.5
2021-04-21,ESM21,4121.25,4167.25,4113.0
2021-04-22,ESM21,4157.5,4171.75,4115.25
2021-04-23,ESM21,4129.0,4186.75,4127.5
2021-04-26,ESM21,4170.75,4186.0,4163.75
2021-04-27,ESM21,4181.5,4192.5,4166.75
2021-04-28,ESM21,4180.25,4193.75,4172.75
2021-04-29,ESM21,4184.75,4211.0,4168.0
2021-04-30,ESM21,4200.75,4201.5,4167.25
2021-05-03,ESM21,4181.5,4202.5,4181.0
2021-05-04,ESM21,4184.25,4185.5,4120.5
2021-05-05,ESM21,4158.25,4180.0,4153.0
2021-05-06,ESM21,4158.75,4197.25,4140.5
2021-05-07,ESM21,4197.5,4232.25,4191.75
2021-05-10,ESM21,4226.75,4238.25,4172.0
2021-05-11,ESM21,4176.75,4185.5,4103.75
2021-05-12,ESM21,4140.0,4150.5,4051.0
2021-05-13,ESM21,4053.5,4126.75,4029.25
2021-05-14,ESM21,4112.5,4178.25,4105.25
2021-05-17,ESM21,4169.0,4178.75,4136.5
2021-05-18,ESM21,4159.0,4179.5,4111.5
2021-05-19,ESM21,4114.0,4123.0,4055.5
2021-05-20,ESM21,4107.75,4169.25,4084.5
2021-05-21,ESM21,4152.5,4185.0,4147.0
2021-05-24,ESM21,4151.5,4206.25,4142.5
2021-05-25,ESM21,4199.25,4212.75,4179.25
2021-05-26,ESM21,4188.0,4204.25,4180.5
2021-05-27,ESM21,4193.0,4211.5,4177.75
2021-05-28,ESM21,4211.25,4217.5,4201.0
2021-06-01,ESM21,4206.5,4230.0,4190.0
2021-06-02,ESM21,4198.5,4215.0,4190.75
2021-06-03,ESM21,4208.0,4213.25,4165.25
2021-06-04,ESM21,4190.75,4232.0,4177.0
2021-06-07,ESM21,4232.25,4232.5,4214.0
2021-06-08,ESM21,4227.5,4236.75,4205.75
2021-06-09,ESM21,4225.5,4235.0,4217.0
2021-06-10,ESM21,4222.25,4249.0,4207.0
2021-06-11,ESM21,4239.5,4247.75,4230.75
2021-06-14,ESU21,4238.5,4248.5,4224.5
2021-06-15,ESU21,4246.25,4258.25,4228.25
2021-06-16,ESU21,4238.0,4241.5,4190.25
2021-06-17,ESU21,4204.25,4222.75,4183.0
2021-06-18,ESU21,4216.0,4220.0,4140.75
2021-06-21,ESU21,4142.5,4219.75,4126.75
2021-06-22,ESU21,4219.25,4245.5,4205.75
2021-06-23,ESU21,4237.5,4248.25,4230.5
2021-06-24,ESU21,4233.75,4263.75,4231.75
2021-06-25,ESU21,4262.0,4276.75,4253.5
2021-06-28,ESU21,4275.0,4282.0,4264.25
2021-06-29,ESU21,4280.5,4291.0,4271.75
2021-06-30,ESU21,4284.75,4294.25,4269.25
2021-07-01,ESU21,4294.25,4312.0,4286.0
2021-07-02,ESU21,4309.75,4347.0,4308.0
2021-07-06,ESU21,4341.0,4348.0,4305.25
2021-07-07,ESU21,4328.0,4353.25,4320.25
2021-07-08,ESU21,4352.25,4352.25,4279.25
2021-07-09,ESU21,4310.25,4364.0,4293.25
2021-07-12,ESU21,4362.0,4379.25,4341.75
2021-07-13,ESU21,4377.0,4383.75,4356.5
2021-07-14,ESU21,4359.5,4384.5,4350.0
2021-07-15,ESU21,4366.5,4370.25,4332.5
2021-07-16,ESU21,4347.75,4368.0,4314.25
2021-07-19,ESU21,4320.0,4320.75,4224.0
2021-07-20,ESU21,4262.75,4329.0,4252.75
2021-07-21,ESU21,4318.75,4355.25,4310.0
2021-07-22,ESU21,4355.0,4371.5,4341.5
2021-07-23,ESU21,4371.5,4408.25,4367.25
2021-07-26,ESU21,4400.5,4416.75,4375.5
2021-07-27,ESU21,4415.75,4416.0,4364.75
2021-07-28,ESU21,4380.0,4407.75,4377.5
2021-07-29,ESU21,4393.75,4422.5,4380.5
2021-07-30,ESU21,4394.25,4405.0,4370.75
2021-08-02,ESU21,4396.5,4419.75,4377.25
2021-08-03,ESU21,4383.75,4417.0,4365.25
2021-08-04,ESU21,4409.75,4415.0,4391.25
2021-08-05,ESU21,4396.25,4422.75,4393.75
2021-08-06,ESU21,4420.25,4433.25,4416.0
2021-08-09,ESU21,4428.0,4432.0,4412.25
2021-08-10,ESU21,4427.25,4438.25,4416.5
2021-08-11,ESU21,4429.25,4443.25,4420.75
2021-08-12,ESU21,4440.0,4456.25,4430.25
2021-08-13,ESU21,4455.75,4463.25,4451.0
2021-08-16,ESU21,4456.25,4476.5,4432.5
2021-08-17,ESU21,4472.0,4472.25,4411.75
2021-08-18,ESU21,4436.75,4449.75,4381.5
2021-08-19,ESU21,4389.75,4414.75,4347.75
2021-08-20,ESU21,4403.75,4440.5,4371.75
2021-08-23,ESU21,4435.0,4485.75,4433.5
2021-08-24,ESU21,4481.0,4492.0,4476.75
2021-08-25,ESU21,4483.5,4498.0,4476.25
2021-08-26,ESU21,4493.75,4494.25,4465.0
2021-08-27,ESU21,4470.0,4510.0,4462.25
2021-08-30,ESU21,4508.75,4534.5,4500.75
2021-08-31,ESU21,4529.5,4542.25,4512.5
2021-09-01,ESU21,4527.75,4540.0,4519.25
2021-09-02,ESU21,4522.5,4544.0,4516.0
2021-09-03,ESU21,4536.75,4549.5,4519.25
2021-09-07,ESU21,4533.0,4548.0,4510.75
2021-09-08,ESU21,4517.5,4524.75,4492.0
2021-09-09,ESU21,4511.0,4529.5,4485.5
2021-09-10,ESU21,4491.25,4518.25,4456.5
2021-09-13,ESZ21,4451.75,4483.5,4434.5
2021-09-14,ESZ21,4465.75,4479.5,4425.25
2021-09-15,ESZ21,4437.0,4477.75,4427.5
2021-09-16,ESZ21,4476.0,4478.5,4433.25
2021-09-17,ESZ21,4459.25,4472.5,4406.5
2021-09-20,ESZ21,4411.75,4418.0,4293.75
2021-09-21,ESZ21,4342.5,4395.75,4329.25
2021-09-22,ESZ21,4336.5,4406.5,4321.25
2021-09-23,ESZ21,4386.0,4455.0,4385.75
2021-09-24,ESZ21,4439.0,4453.0,4410.75
2021-09-27,ESZ21,4446.0,4472.0,4425.0
2021-09-28,ESZ21,4429.75,4442.0,4334.75
2021-09-29,ESZ21,4347.5,4378.75,4344.25
2021-09-30,ESZ21,4360.0,4389.0,4294.25
2021-10-01,ESZ21,4301.0,4365.75,4260.0
2021-10-04,ESZ21,4349.0,4362.0,4267.5
2021-10-05,ESZ21,4295.75,4359.75,4269.0
2021-10-06,ESZ21,4334.0,4357.5,4273.75
2021-10-07,ESZ21,4355.25,4421.5,4355.0
2021-10-08,ESZ21,4390.5,4407.75,4376.25
2021-10-11,ESZ21,4381.0,4407.5,4344.0
2021-10-12,ESZ21,4347.75,4365.0,4317.25
2021-10-13,ESZ21,4327.5,4364.75,4318.75
2021-10-14,ESZ21,4354.75,4437.25,4354.0
2021-10-15,ESZ21,4433.0,4467.5,4426.25
2021-10-18,ESZ21,4465.5,4479.75,4436.25
2021-10-19,ESZ21,4475.75,4517.5,4471.75
2021-10-20,ESZ21,4516.0,4532.25,4504.0
2021-10-21,ESZ21,4525.0,4543.25,4510.25
2021-10-22,ESZ21,4530.0,4551.5,4515.25
2021-10-25,ESZ21,4528.75,4566.25,4522.5
2021-10-26,ESZ21,4564.75,4590.0,4560.75
2021-10-27,ESZ21,4563.75,4576.75,4543.75
2021-10-28,ESZ21,4548.75,4589.75,4545.25
2021-10-29,ESZ21,4577.0,4603.5,4559.25
2021-11-01,ESZ21,4608.0,4619.5,4586.5
2021-11-02,ESZ21,4605.75,4627.0,4593.25
2021-11-03,ESZ21,4621.25,4657.0,4613.0
2021-11-04,ESZ21,4651.5,4676.25,4650.75
2021-11-05,ESZ21,4671.75,4711.75,4667.5
2021-11-08,ESZ21,4678.5,4707.0,4676.25
2021-11-09,ESZ21,4690.75,4700.5,4663.25
2021-11-10,ESZ21,4674.75,4680.25,4625.25
2021-11-11,ESZ21,4645.0,4661.5,4638.0
2021-11-12,ESZ21,4647.0,4685.5,4643.75
2021-11-15,ESZ21,4684.75,4697.5,4667.0
2021-11-16,ESZ21,4680.75,4709.75,4670.75
2021-11-17,ESZ21,4696.5,4701.0,4679.25
2021-11-18,ESZ21,4685.25,4706.5,4668.0
2021-11-19,ESZ21,4705.25,4723.5,4684.25
2021-11-22,ESZ21,4701.0,4740.5,4674.25
2021-11-23,ESZ21,4686.0,4695.5,4649.0
2021-11-24,ESZ21,4686.25,4702.25,4656.25
2021-11-26,ESZ21,4700.5,4717.0,4577.25
2021-11-29,ESZ21,4589.0,4669.75,4588.75
2021-11-30,ESZ21,4657.25,4667.5,4557.0
2021-12-01,ESZ21,4587.5,4650.75,4497.75
2021-12-02,ESZ21,4514.75,4593.75,4505.5
2021-12-03,ESZ21,4587.25,4606.5,4492.0
2021-12-06,ESZ21,4542.25,4611.75,4531.5
2021-12-07,ESZ21,4594.25,4697.25,4587.25
2021-12-08,ESZ21,4695.25,4712.0,4671.75
2021-12-09,ESZ21,4697.25,4706.0,4662.25
2021-12-10,ESZ21,4669.25,4712.75,4664.25
2021-12-13,ESH22,4704.5,4723.25,4655.5
2021-12-14,ESH22,4663.0,4676.75,4596.25
2021-12-15,ESH22,4629.0,4705.75,4602.0
2021-12-16,ESH22,4702.75,4743.25,4642.0
2021-12-17,ESH22,4664.0,4668.0,4590.0
2021-12-20,ESH22,4612.0,4621.5,4520.25
2021-12-21,ESH22,4567.75,4643.0,4565.75
2021-12-22,ESH22,4641.75,4690.5,4622.25
2021-12-23,ESH22,4689.0,4731.25,4684.25
2021-12-27,ESH22,4717.0,4784.25,4713.25
2021-12-28,ESH22,4780.5,4798.0,4770.5
2021-12-29,ESH22,4781.0,4796.0,4770.0
2021-12-30,ESH22,4784.75,4799.75,4767.25
2021-12-31,ESH22,4773.75,4778.5,4750.5
2022-01-03,ESH22,4771.0,4791.25,4747.5
2022-01-04,ESH22,4785.25,4808.25,4764.5
2022-01-05,ESH22,4783.5,4788.25,4689.5
2022-01-06,ESH22,4692.0,4715.75,4662.0
2022-01-07,ESH22,4695.0,4705.75,4653.75
2022-01-10,ESH22,4671.25,4681.75,4572.75
2022-01-11,ESH22,4663.5,4707.5,4627.25
2022-01-12,ESH22,4704.0,4739.5,4695.0
2022-01-13,ESH22,4719.25,4736.25,4642.5
2022-01-14,ESH22,4655.0,4667.0,4606.0
2022-01-18,ESH22,4666.0,4671.75,4560.0
2022-01-19,ESH22,4577.75,4603.0,4517.25
2022-01-20,ESH22,4526.0,4594.25,4437.75
2022-01-21,ESH22,4454.25,4487.0,4381.25
2022-01-24,ESH22,4389.0,4427.5,4212.75
2022-01-25,ESH22,4402.75,4406.75,4276.5
2022-01-26,ESH22,4308.75,4446.25,4294.25
2022-01-27,ESH22,4345.25,4422.0,4263.25
2022-01-28,ESH22,4348.0,4426.0,4266.25
2022-01-31,ESH22,4423.5,4507.75,4395.5
2022-02-01,ESH22,4493.25,4554.75,4474.0
2022-02-02,ESH22,4552.0,4586.0,4535.25
2022-02-03,ESH22,4545.75,4548.25,4462.0
2022-02-04,ESH22,4518.0,4532.5,4438.5
2022-02-07,ESH22,4497.0,4514.5,4462.75
2022-02-08,ESH22,4484.0,4523.75,4456.25
2022-02-09,ESH22,4519.0,4585.0,4517.25
2022-02-10,ESH22,4582.25,4583.75,4476.0
2022-02-11,ESH22,4494.5,4520.5,4393.25
2022-02-14,ESH22,4411.75,4428.0,4354.0
2022-02-15,ESH22,4393.5,4468.0,4381.75
2022-02-16,ESH22,4458.75,4484.5,4422.75
2022-02-17,ESH22,4464.25,4474.75,4367.25
2022-02-18,ESH22,4374.75,4411.5,4321.0
2022-02-22,ESH22,4324.25,4391.25,4250.0
2022-02-23,ESH22,4310.75,4345.5,4212.5
2022-02-24,ESH22,4215.5,4290.0,4101.75
2022-02-25,ESH22,4266.75,4384.25,4227.5
2022-02-28,ESH22,4299.5,4385.5,4251.5
2022-03-01,ESH22,4367.5,4399.0,4275.0
2022-03-02,ESH22,4308.75,4399.25,4278.25
2022-03-03,ESH22,4373.75,4418.75,4341.0
2022-03-04,ESH22,4366.5,4374.5,4281.25
2022-03-07,ESH22,4308.75,4325.25,4185.25
2022-03-08,ESH22,4186.5,4275.0,4138.75
2022-03-09,ESH22,4153.0,4298.25,4152.0
2022-03-10,ESH22,4279.0,4282.25,4207.0
2022-03-11,ESH22,4258.5,4335.5,4198.0
2022-03-14,ESM22,4206.75,4244.75,4152.25
2022-03-15,ESM22,4171.25,4263.25,4129.5
2022-03-16,ESM22,4249.75,4367.5,4239.0
2022-03-17,ESM22,4361.0,4406.75,4320.25
2022-03-18,ESM22,4384.25,4465.75,4364.5
2022-03-21,ESM22,4460.0,4473.0,4415.0
2022-03-22,ESM22,4456.75,4514.75,4433.0
2022-03-23,ESM22,4504.0,4514.0,4444.75
2022-03-24,ESM22,4449.25,4517.5,4445.75
2022-03-25,ESM22,4516.25,4539.0,4493.25
2022-03-28,ESM22,4535.25,4572.25,4509.75
2022-03-29,ESM22,4570.25,4631.0,4565.25
2022-03-30,ESM22,4621.25,4627.5,4574.75
2022-03-31,ESM22,4599.0,4614.25,4526.25
2022-04-01,ESM22,4541.0,4555.5,4501.25
2022-04-04,ESM22,4538.25,4580.0,4527.75
2022-04-05,ESM22,4576.25,4588.75,4507.75
2022-04-06,ESM22,4526.25,4528.75,4444.5
2022-04-07,ESM22,4471.25,4517.25,4444.5
2022-04-08,ESM22,4494.75,4519.75,4468.75
2022-04-11,ESM22,4488.75,4491.25,4403.5
2022-04-12,ESM22,4411.0,4466.75,4375.5
2022-04-13,ESM22,4396.75,4449.5,4384.0
2022-04-14,ESM22,4438.5,4455.75,4385.0
2022-04-18,ESM22,4390.0,4406.25,4355.5
2022-04-19,ESM22,4399.0,4467.0,4371.75
2022-04-20,ESM22,4441.0,4484.25,4432.75
2022-04-21,ESM22,4468.0,4509.0,4380.0
2022-04-22,ESM22,4385.75,4393.25,4247.5
2022-04-25,ESM22,4259.0,4296.5,4195.25
2022-04-26,ESM22,4294.0,4303.5,4136.75
2022-04-27,ESM22,4149.5,4236.25,4149.0
2022-04-28,ESM22,4213.0,4303.5,4182.5
2022-04-29,ESM22,4244.0,4279.75,4118.75
2022-05-02,ESM22,4144.0,4165.75,4056.0
2022-05-03,ESM22,4145.5,4195.75,4129.0
2022-05-04,ESM22,4171.25,4303.0,4142.75
2022-05-05,ESM22,4289.75,4300.75,4099.25
2022-05-06,ESM22,4146.5,4153.25,4062.0
2022-05-09,ESM22,4087.25,4099.0,3970.0
2022-05-10,ESM22,3993.25,4065.5,3953.0
2022-05-11,ESM22,3990.5,4050.5,3923.75
2022-05-12,ESM22,3939.75,3961.75,3855.0
2022-05-13,ESM22,3916.25,4036.0,3915.5
2022-05-16,ESM22,4025.0,4043.5,3979.5
2022-05-17,ESM22,4002.0,4091.5,4000.5
2022-05-18,ESM22,4091.25,4095.0,3905.5
2022-05-19,ESM22,3916.5,3943.5,3856.0
2022-05-20,ESM22,3900.5,3949.5,3807.5
2022-05-23,ESM22,3910.5,3982.25,3906.5
2022-05-24,ESM22,3951.75,3954.5,3872.0
2022-05-25,ESM22,3950.0,3997.75,3913.5
2022-05-26,ESM22,3972.25,4073.5,3960.5
2022-05-27,ESM22,4047.5,4168.25,4041.25
2022-05-31,ESM22,4164.5,4202.25,4102.75
2022-06-01,ESM22,4138.5,4165.0,4071.5
2022-06-02,ESM22,4097.75,4179.0,4072.25
2022-06-03,ESM22,4177.75,4189.0,4096.75
2022-06-06,ESM22,4110.5,4168.25,4104.5
2022-06-07,ESM22,4122.0,4164.0,4076.0
2022-06-08,ESM22,4150.75,4160.0,4105.25
2022-06-09,ESM22,4116.0,4144.25,4014.75
2022-06-10,ESM22,4025.25,4029.5,3895.25
2022-06-13,ESU22,3877.25,3878.5,3735.25
2022-06-14,ESU22,3760.75,3807.5,3708.5
2022-06-15,ESU22,3743.5,3843.0,3723.5
2022-06-16,ESU22,3799.0,3833.25,3642.0
2022-06-17,ESU22,3680.5,3713.5,3639.0
2022-06-21,ESU22,3684.0,3783.75,3661.5
2022-06-22,ESU22,3766.25,3805.5,3693.25
2022-06-23,ESU22,3761.25,3805.75,3735.0
2022-06-24,ESU22,3785.25,3919.75,3781.25
2022-06-27,ESU22,3915.0,3948.0,3892.5
2022-06-28,ESU22,3911.25,3950.0,3821.75
2022-06-29,ESU22,3828.25,3840.0,3801.25
2022-06-30,ESU22,3822.75,3825.0,3741.25
2022-07-01,ESU22,3782.0,3833.5,3744.5
2022-07-05,ESU22,3828.5,3857.75,3744.0
2022-07-06,ESU22,3838.0,3875.0,3808.75
2022-07-07,ESU22,3853.75,3914.25,3832.5
2022-07-08,ESU22,3897.0,3922.0,3868.0
2022-07-11,ESU22,3900.0,3900.75,3850.0
2022-07-12,ESU22,3862.0,3876.5,3804.75
2022-07-13,ESU22,3825.0,3873.0,3752.0
2022-07-14,ESU22,3795.75,3806.25,3723.75
2022-07-15,ESU22,3797.75,3868.25,3780.25
2022-07-18,ESU22,3878.5,3909.5,3820.25
2022-07-19,ESU22,3838.5,3948.0,3834.0
2022-07-20,ESU22,3947.0,3977.25,3922.25
2022-07-21,ESU22,3954.0,4004.75,3930.25
2022-07-22,ESU22,3988.0,4016.25,3941.5
2022-07-25,ESU22,3967.75,3988.75,3946.0
2022-07-26,ESU22,3959.0,3964.5,3913.25
2022-07-27,ESU22,3939.25,4042.75,3938.75
2022-07-28,ESU22,4022.0,4111.0,3994.5
2022-07-29,ESU22,4105.0,4144.0,4081.0
2022-08-01,ESU22,4137.5,4147.25,4097.0
2022-08-02,ESU22,4119.75,4143.0,4080.5
2022-08-03,ESU22,4097.0,4170.0,4084.5
2022-08-04,ESU22,4150.25,4173.25,4136.0
2022-08-05,ESU22,4152.0,4166.25,4103.75
2022-08-08,ESU22,4149.75,4188.0,4129.25
2022-08-09,ESU22,4148.5,4155.0,4113.0
2022-08-10,ESU22,4128.75,4213.5,4113.75
2022-08-11,ESU22,4210.75,4260.5,4202.75
2022-08-12,ESU22,4219.25,4282.75,4208.25
2022-08-15,ESU22,4277.0,4304.75,4249.0
2022-08-16,ESU22,4294.5,4327.5,4278.75
2022-08-17,ESU22,4309.25,4315.0,4255.0
2022-08-18,ESU22,4279.5,4295.5,4258.0
2022-08-19,ESU22,4287.0,4288.0,4220.75
2022-08-22,ESU22,4221.0,4221.5,4131.5
2022-08-23,ESU22,4147.0,4161.75,4118.0
2022-08-24,ESU22,4128.25,4158.5,4110.75
2022-08-25,ESU22,4148.75,4202.75,4143.0
2022-08-26,ESU22,4198.25,4217.25,4042.75
2022-08-29,ESU22,4024.0,4064.0,4006.75
2022-08-30,ESU22,4035.75,4072.75,3964.5
2022-08-31,ESU22,3987.25,4018.25,3953.0
2022-09-01,ESU22,3958.0,3971.25,3903.5
2022-09-02,ESU22,3967.5,4019.25,3906.0
2022-09-06,ESU22,3929.0,3963.25,3886.75
2022-09-07,ESU22,3907.5,3988.75,3883.5
2022-09-08,ESU22,3980.0,4011.5,3942.75
2022-09-09,ESU22,4010.25,4077.25,4005.75
2022-09-12,ESZ22,4096.0,4137.75,4080.25
2022-09-13,ESZ22,4137.5,4175.0,3938.5
2022-09-14,ESZ22,3956.75,3981.25,3929.0
2022-09-15,ESZ22,3972.0,3977.5,3905.0
2022-09-16,ESZ22,3904.0,3905.0,3853.0
2022-09-19,ESZ22,3889.5,3927.0,3846.25
2022-09-20,ESZ22,3923.0,3936.25,3843.25
2022-09-21,ESZ22,3878.75,3925.25,3792.0
2022-09-22,ESZ22,3794.0,3833.0,3763.5
2022-09-23,ESZ22,3777.25,3783.25,3660.25
2022-09-26,ESZ22,3705.25,3730.5,3657.5
2022-09-27,ESZ22,3668.0,3733.0,3635.25
2022-09-28,ESZ22,3668.5,3751.25,3613.0
2022-09-29,ESZ22,3730.25,3736.0,3622.0
2022-09-30,ESZ22,3656.5,3693.75,3595.25
2022-10-03,ESZ22,3593.25,3711.75,3571.75
2022-10-04,ESZ22,3696.5,3808.75,3686.25
2022-10-05,ESZ22,3801.0,3820.0,3734.0
2022-10-06,ESZ22,3795.75,3819.5,3750.0
2022-10-07,ESZ22,3745.75,3772.0,3632.5
2022-10-10,ESZ22,3638.75,3667.5,3600.0
2022-10-11,ESZ22,3624.75,3653.25,3579.0
2022-10-12,ESZ22,3607.0,3635.25,3585.5
2022-10-13,ESZ22,3596.25,3697.75,3502.0
2022-10-14,ESZ22,3680.25,3733.75,3591.25
2022-10-17,ESZ22,3591.0,3702.5,3590.5
2022-10-18,ESZ22,3706.25,3777.25,3697.25
2022-10-19,ESZ22,3759.75,3774.25,3676.75
2022-10-20,ESZ22,3708.0,3748.0,3666.25
2022-10-21,ESZ22,3677.75,3773.25,3641.5
2022-10-24,ESZ22,3771.0,3822.0,3736.5
2022-10-25,ESZ22,3803.25,3874.25,3790.0
2022-10-26,ESZ22,3841.0,3897.5,3824.25
2022-10-27,ESZ22,3844.25,3870.75,3757.5
2022-10-28,ESZ22,3798.25,3924.25,3776.75
2022-10-31,ESZ22,3911.5,3914.75,3872.25
2022-11-01,ESZ22,3884.0,3928.0,3852.5
2022-11-02,ESZ22,3863.0,3907.0,3760.25
2022-11-03,ESZ22,3766.75,3782.5,3704.25
2022-11-04,ESZ22,3724.0,3805.5,3711.0
2022-11-07,ESZ22,3750.0,3821.75,3738.25
2022-11-08,ESZ22,3812.75,3867.0,3792.75
2022-11-09,ESZ22,3832.5,3848.75,3750.0
2022-11-10,ESZ22,3757.0,3973.5,3751.5
2022-11-11,ESZ22,3973.0,4009.75,3951.0
2022-11-14,ESZ22,3984.0,4017.5,3964.0
2022-11-15,ESZ22,3974.75,4050.75,3960.0
2022-11-16,ESZ22,3992.0,4015.75,3962.0
2022-11-17,ESZ22,3977.25,3990.25,3912.5
2022-11-18,ESZ22,3960.5,3994.0,3942.5
2022-11-21,ESZ22,3972.5,3982.0,3937.5
2022-11-22,ESZ22,3957.75,4012.5,3945.25
2022-11-23,ESZ22,4010.0,4039.5,4002.0
2022-11-25,ESZ22,4038.75,4049.25,4024.75
2022-11-28,ESZ22,4020.25,4024.0,3960.25
2022-11-29,ESZ22,3972.0,3990.25,3941.25
2022-11-30,ESZ22,3962.25,4093.5,3942.75
2022-12-01,ESZ22,4094.5,4110.0,4054.5
2022-12-02,ESZ22,4077.5,4085.5,4006.75
2022-12-05,ESZ22,4074.0,4075.75,3987.25
2022-12-06,ESZ22,4005.75,4014.75,3921.5
2022-12-07,ESZ22,3944.5,3961.5,3914.0
2022-12-08,ESZ22,3935.75,3977.25,3916.0
2022-12-09,ESZ22,3964.75,3990.0,3930.0
2022-12-12,ESH23,3965.75,4026.0,3956.0
2022-12-13,ESH23,4022.25,4180.0,4017.5
2022-12-14,ESH23,4054.5,4090.75,3997.0
2022-12-15,ESH23,4037.0,4043.0,3908.0
2022-12-16,ESH23,3920.0,3934.5,3855.25
2022-12-19,ESH23,3874.0,3899.0,3827.25
2022-12-20,ESH23,3842.75,3866.5,3803.5
2022-12-21,ESH23,3857.25,3918.75,3855.5
2022-12-22,ESH23,3915.0,3919.75,3788.5
2022-12-23,ESH23,3850.0,3872.5,3821.25
2022-12-27,ESH23,3878.0,3900.5,3837.25
2022-12-28,ESH23,3858.0,3875.0,3804.5
2022-12-29,ESH23,3811.0,3882.75,3806.25
2022-12-30,ESH23,3869.75,3871.0,3821.5
2023-01-03,ESH23,3895.0,3906.75,3814.5
2023-01-04,ESH23,3842.75,3896.25,3836.5
2023-01-05,ESH23,3871.0,3885.5,3822.5
2023-01-06,ESH23,3833.0,3928.75,3819.0
2023-01-09,ESH23,3918.5,3973.25,3909.75
2023-01-10,ESH23,3914.5,3943.75,3891.5
2023-01-11,ESH23,3941.0,3992.5,3934.5
2023-01-12,ESH23,3991.75,4021.5,3954.0
2023-01-13,ESH23,4003.0,4024.25,3961.75
2023-01-17,ESH23,4020.0,4035.25,3996.75
2023-01-18,ESH23,4008.5,4033.5,3943.75
2023-01-19,ESH23,3945.25,3948.75,3901.75
2023-01-20,ESH23,3925.0,3990.5,3911.75
2023-01-23,ESH23,3987.0,4056.75,3980.25
2023-01-24,ESH23,4036.5,4047.5,4005.25
2023-01-25,ESH23,4039.0,4040.5,3963.25
2023-01-26,ESH23,4031.0,4077.0,4027.25
2023-01-27,ESH23,4065.0,4109.25,4057.25
2023-01-30,ESH23,4077.0,4086.0,4029.5
2023-01-31,ESH23,4039.25,4091.25,4007.5
2023-02-01,ESH23,4085.75,4163.25,4048.5
2023-02-02,ESH23,4145.5,4208.5,4136.75
2023-02-03,ESH23,4176.0,4194.0,4132.5
2023-02-06,ESH23,4134.25,4143.0,4104.0
2023-02-07,ESH23,4123.5,4188.25,4098.25
2023-02-08,ESH23,4167.25,4179.25,4121.25
2023-02-09,ESH23,4132.25,4170.25,4078.25
2023-02-10,ESH23,4098.0,4104.25,4060.75
2023-02-13,ESH23,4105.0,4150.75,4078.75
2023-02-14,ESH23,4149.75,4186.5,4103.75
2023-02-15,ESH23,4141.25,4161.75,4113.0
2023-02-16,ESH23,4159.0,4168.5,4095.0
2023-02-17,ESH23,4095.5,4096.0,4055.75
2023-02-21,ESH23,4083.0,4089.25,4002.0
2023-02-22,ESH23,4007.5,4025.0,3983.75
2023-02-23,ESH23,4010.0,4034.25,3974.25
2023-02-24,ESH23,4015.25,4023.25,3947.5
2023-02-27,ESH23,3976.5,4024.75,3973.0
2023-02-28,ESH23,3991.5,4003.75,3965.0
2023-03-01,ESH23,3968.5,3991.0,3943.0
2023-03-02,ESH23,3959.75,3995.25,3925.0
2023-03-03,ESH23,3983.0,4053.0,3974.0
2023-03-06,ESH23,4049.25,4082.5,4041.75
2023-03-07,ESH23,4053.75,4064.5,3982.5
2023-03-08,ESH23,3990.0,4003.25,3971.5
2023-03-09,ESH23,3997.0,4019.75,3909.5
2023-03-10,ESH23,3919.0,3941.75,3846.25
2023-03-13,ESM23,3920.5,3971.5,3839.25
2023-03-14,ESM23,3897.25,3972.5,3885.0
2023-03-15,ESM23,3953.75,3964.0,3865.0
2023-03-16,ESM23,3924.75,4000.0,3895.0
2023-03-17,ESM23,3995.0,4009.25,3932.5
2023-03-20,ESM23,3963.75,3989.5,3897.25
2023-03-21,ESM23,3986.5,4043.25,3981.75
2023-03-22,ESM23,4038.75,4073.75,3966.25
2023-03-23,ESM23,3972.75,4039.5,3948.5
2023-03-24,ESM23,3988.75,4010.75,3937.0
2023-03-27,ESM23,4008.0,4034.25,3997.5
2023-03-28,ESM23,4013.5,4023.75,3980.75
2023-03-29,ESM23,4006.5,4061.25,4006.0
2023-03-30,ESM23,4058.0,4087.75,4052.5
2023-03-31,ESM23,4081.0,4142.5,4078.0
2023-04-03,ESM23,4127.0,4157.75,4122.75
2023-04-04,ESM23,4152.5,4171.75,4115.25
2023-04-05,ESM23,4134.0,4135.5,4099.0
2023-04-06,ESM23,4113.75,4135.25,4096.5
2023-04-07,ESM23,4129.0,4146.75,4121.0
2023-04-10,ESM23,4139.0,4143.0,4098.75
2023-04-11,ESM23,4138.5,4151.75,4128.75
2023-04-12,ESM23,4137.5,4177.75,4113.5
2023-04-13,ESM23,4117.5,4177.0,4110.25
2023-04-14,ESM23,4168.75,4189.0,4138.0
2023-04-17,ESM23,4174.25,4180.5,4148.0
2023-04-18,ESM23,4177.0,4198.25,4164.5
2023-04-19,ESM23,4176.0,4187.5,4150.5
2023-04-20,ESM23,4172.25,4173.5,4137.0
2023-04-21,ESM23,4153.75,4161.0,4135.25
2023-04-24,ESM23,4150.0,4164.25,4133.5
2023-04-25,ESM23,4157.25,4158.5,4091.5
2023-04-26,ESM23,4110.25,4116.25,4068.75
2023-04-27,ESM23,4085.5,4166.5,4080.75
2023-04-28,ESM23,4151.0,4193.75,4131.5
2023-05-01,ESM23,4190.0,4206.25,4178.5
2023-05-02,ESM23,4179.5,4191.5,4105.5
2023-05-03,ESM23,4133.25,4167.0,4095.0
2023-05-04,ESM23,4087.0,4118.0,4062.25
2023-05-05,ESM23,4077.25,4163.25,4076.75
2023-05-08,ESM23,4151.0,4161.0,4137.5
2023-05-09,ESM23,4150.5,4153.0,4131.0
2023-05-10,ESM23,4133.0,4173.25,4112.25
2023-05-11,ESM23,4152.75,4168.5,4121.5
2023-05-12,ESM23,4144.5,4164.5,4111.75
2023-05-15,ESM23,4132.25,4156.25,4123.0
2023-05-16,ESM23,4148.25,4151.5,4120.0
2023-05-17,ESM23,4126.0,4179.0,4122.0
2023-05-18,ESM23,4171.25,4215.75,4161.25
2023-05-19,ESM23,4215.5,4227.25,4191.5
2023-05-22,ESM23,4189.0,4221.75,4186.5
2023-05-23,ESM23,4207.5,4222.75,4153.0
2023-05-24,ESM23,4158.0,4166.25,4114.0
2023-05-25,ESM23,4157.0,4175.5,4131.5
2023-05-26,ESM23,4157.0,4221.25,4146.0
2023-05-30,ESM23,4239.75,4243.25,4200.0
2023-05-31,ESM23,4213.0,4217.75,4174.0
2023-06-01,ESM23,4188.5,4239.75,4178.0
2023-06-02,ESM23,4231.75,4297.75,4229.0
2023-06-05,ESM23,4288.0,4305.75,4273.0
2023-06-06,ESM23,4279.75,4294.75,4268.5
2023-06-07,ESM23,4292.25,4304.75,4269.25
2023-06-08,ESM23,4273.25,4302.5,4262.75
2023-06-09,ESM23,4297.75,4325.5,4284.0
2023-06-12,ESU23,4349.75,4391.25,4348.75
2023-06-13,ESU23,4389.75,4423.25,4381.75
2023-06-14,ESU23,4417.25,4439.5,4383.5
2023-06-15,ESU23,4422.75,4485.5,4393.75
2023-06-16,ESU23,4469.0,4493.75,4451.0
2023-06-20,ESU23,4458.0,4462.0,4410.5
2023-06-21,ESU23,4430.25,4438.5,4403.5
2023-06-22,ESU23,4410.0,4427.0,4393.0
2023-06-23,ESU23,4425.75,4426.25,4381.5
2023-06-26,ESU23,4390.0,4403.0,4368.5
2023-06-27,ESU23,4375.75,4424.75,4371.5
2023-06-28,ESU23,4414.0,4430.25,4399.25
2023-06-29,ESU23,4423.75,4438.0,4409.75
2023-06-30,ESU23,4435.25,4498.0,4433.0
2023-07-03,ESU23,4485.5,4494.0,4479.5
2023-07-05,ESU23,4492.0,4493.75,4466.25
2023-07-06,ESU23,4481.75,4483.5,4419.5
2023-07-07,ESU23,4441.25,4476.0,4431.5
2023-07-10,ESU23,4437.5,4448.25,4411.25
2023-07-11,ESU23,4445.75,4478.5,4439.0
2023-07-12,ESU23,4471.0,4523.75,4470.0
2023-07-13,ESU23,4510.5,4551.5,4509.25
2023-07-14,ESU23,4539.5,4560.5,4531.0
2023-07-17,ESU23,4536.0,4565.75,4528.0
2023-07-18,ESU23,4550.25,4594.5,4544.75
2023-07-19,ESU23,4582.75,4609.25,4582.25
2023-07-20,ESU23,4593.25,4594.25,4557.25
2023-07-21,ESU23,4566.25,4590.0,4561.75
2023-07-24,ESU23,4564.25,4592.5,4560.0
2023-07-25,ESU23,4584.5,4608.75,4579.25
2023-07-26,ESU23,4604.75,4610.75,4573.75
2023-07-27,ESU23,4594.75,4634.5,4553.75
2023-07-28,ESU23,4566.0,4616.5,4558.0
2023-07-31,ESU23,4608.75,4619.25,4595.25
2023-08-01,ESU23,4617.75,4621.75,4591.0
2023-08-02,ESU23,4580.0,4593.5,4527.75
2023-08-03,ESU23,4534.25,4547.5,4505.75
2023-08-04,ESU23,4523.5,4560.75,4493.75
2023-08-07,ESU23,4500.5,4541.75,4500.5
2023-08-08,ESU23,4539.5,4541.0,4482.0
2023-08-09,ESU23,4516.5,4536.25,4478.25
2023-08-10,ESU23,4493.25,4544.75,4473.5
2023-08-11,ESU23,4487.75,4496.25,4459.0
2023-08-14,ESU23,4485.0,4507.75,4465.0
2023-08-15,ESU23,4505.75,4517.75,4447.0
2023-08-16,ESU23,4453.25,4467.25,4417.0
2023-08-17,ESU23,4420.5,4436.75,4377.75
2023-08-18,ESU23,4379.25,4396.0,4350.0
2023-08-21,ESU23,4382.5,4421.0,4372.25
2023-08-22,ESU23,4410.25,4440.0,4394.25
2023-08-23,ESU23,4400.0,4476.25,4399.5
2023-08-24,ESU23,4470.5,4485.5,4378.5
2023-08-25,ESU23,4384.5,4429.0,4365.25
2023-08-28,ESU23,4418.0,4449.5,4414.5
2023-08-29,ESU23,4444.0,4509.5,4433.5
2023-08-30,ESU23,4508.75,4530.75,4496.25
2023-08-31,ESU23,4527.0,4541.25,4512.75
2023-09-01,ESU23,4516.75,4547.75,4507.25
2023-09-05,ESU23,4521.25,4531.25,4499.25
2023-09-06,ESU23,4500.0,4503.75,4447.0
2023-09-07,ESU23,4469.5,4471.75,4434.25
2023-09-08,ESU23,4458.25,4477.5,4443.0
2023-09-11,ESZ23,4514.0,4543.5,4508.75
2023-09-12,ESZ23,4536.5,4539.0,4507.25
2023-09-13,ESZ23,4513.0,4530.25,4495.0
2023-09-14,ESZ23,4521.25,4562.0,4519.0
2023-09-15,ESZ23,4556.5,4566.0,4494.0
2023-09-18,ESZ23,4499.5,4514.5,4487.0
2023-09-19,ESZ23,4503.25,4509.5,4462.25
2023-09-20,ESZ23,4491.25,4508.0,4443.25
2023-09-21,ESZ23,4445.0,4447.0,4366.5
2023-09-22,ESZ23,4370.25,4399.0,4357.25
2023-09-25,ESZ23,4365.0,4383.5,4338.25
2023-09-26,ESZ23,4382.0,4382.0,4305.5
2023-09-27,ESZ23,4320.25,4336.5,4277.0
2023-09-28,ESZ23,4323.25,4355.75,4301.0
2023-09-29,ESZ23,4342.0,4371.25,4311.0
2023-10-02,ESZ23,4349.0,4355.5,4295.5
2023-10-03,ESZ23,4326.0,4335.75,4251.25
2023-10-04,ESZ23,4262.75,4304.0,4235.5
2023-10-05,ESZ23,4291.5,4302.0,4258.0
2023-10-06,ESZ23,4287.5,4358.5,4242.25
2023-10-09,ESZ23,4315.0,4375.75,4299.5
2023-10-10,ESZ23,4368.75,4419.0,4366.25
2023-10-11,ESZ23,4392.0,4419.75,4377.25
2023-10-12,ESZ23,4417.75,4430.5,4355.5
2023-10-13,ESZ23,4380.75,4407.75,4340.75
2023-10-16,ESZ23,4356.75,4414.25,4354.5
2023-10-17,ESZ23,4406.25,4423.25,4365.75
2023-10-18,ESZ23,4398.0,4399.25,4330.75
2023-10-19,ESZ23,4346.5,4366.5,4292.75
2023-10-20,ESZ23,4295.0,4304.25,4243.5
2023-10-23,ESZ23,4256.25,4280.75,4213.25
2023-10-24,ESZ23,4250.25,4290.5,4242.0
2023-10-25,ESZ23,4269.5,4273.5,4203.75
2023-10-26,ESZ23,4202.0,4205.0,4146.25
2023-10-27,ESZ23,4167.0,4185.0,4122.25
2023-10-30,ESZ23,4148.0,4197.5,4143.5
2023-10-31,ESZ23,4184.25,4215.0,4166.75
2023-11-01,ESZ23,4205.0,4264.75,4191.25
2023-11-02,ESZ23,4258.5,4339.75,4257.75
2023-11-03,ESZ23,4327.5,4391.75,4325.5
2023-11-06,ESZ23,4379.25,4389.5,4364.25
2023-11-07,ESZ23,4380.0,4403.25,4366.0
2023-11-08,ESZ23,4397.5,4407.75,4375.0
2023-11-09,ESZ23,4393.25,4413.0,4357.75
2023-11-10,ESZ23,4364.5,4435.5,4354.25
2023-11-13,ESZ23,4425.75,4436.75,4407.25
2023-11-14,ESZ23,4427.25,4524.25,4420.25
2023-11-15,ESZ23,4515.5,4541.25,4510.75
2023-11-16,ESZ23,4514.25,4529.5,4501.75
2023-11-17,ESZ23,4527.75,4539.5,4512.75
2023-11-20,ESZ23,4526.75,4571.0,4520.0
2023-11-21,ESZ23,4561.75,4567.0,4536.75
2023-11-22,ESZ23,4547.75,4580.5,4543.0
2023-11-24,ESZ23,4564.0,4574.0,4562.0
2023-11-27,ESZ23,4568.5,4570.0,4552.0
2023-11-28,ESZ23,4561.5,4577.25,4547.0
2023-11-29,ESZ23,4564.0,4597.0,4555.5
2023-11-30,ESZ23,4562.25,4579.5,4544.75
2023-12-01,ESZ23,4571.75,4607.75,4562.5
2023-12-04,ESZ23,4603.25,4604.5,4553.5
2023-12-05,ESZ23,4573.0,4585.5,4555.5
2023-12-06,ESZ23,4573.25,4598.5,4552.0
2023-12-07,ESZ23,4556.0,4596.0,4548.75
2023-12-08,ESZ23,4586.5,4613.75,4561.75
2023-12-11,ESH24,4660.75,4679.5,4652.0
2023-12-12,ESH24,4677.75,4701.75,4662.25
2023-12-13,ESH24,4700.5,4764.25,4696.75
2023-12-14,ESH24,4760.75,4791.75,4746.25
2023-12-15,ESH24,4767.75,4789.0,4757.25
2023-12-18,ESH24,4770.5,4802.25,4769.5
2023-12-19,ESH24,4790.5,4821.5,4787.75
2023-12-20,ESH24,4818.5,4830.75,4743.25
2023-12-21,ESH24,4751.0,4798.25,4751.0
2023-12-22,ESH24,4795.75,4821.75,4784.75
2023-12-26,ESH24,4800.25,4834.5,4800.25
2023-12-27,ESH24,4827.75,4836.5,4816.5
2023-12-28,ESH24,4834.5,4841.5,4828.0
2023-12-29,ESH24,4834.75,4841.0,4796.75
2024-01-02,ESH24,4818.0,4828.0,4765.5
2024-01-03,ESH24,4790.75,4790.75,4741.0
2024-01-04,ESH24,4750.0,4766.5,4727.0
2024-01-05,ESH24,4732.75,4760.25,4702.0
2024-01-08,ESH24,4735.75,4803.25,4715.25
2024-01-09,ESH24,4797.75,4804.0,4767.5
2024-01-10,ESH24,4790.75,4828.5,4786.0
2024-01-11,ESH24,4820.5,4838.0,4772.75
2024-01-12,ESH24,4811.25,4836.5,4791.5
2024-01-16,ESH24,4812.0,4823.0,4779.5
2024-01-17,ESH24,4799.75,4800.75,4746.25
2024-01-18,ESH24,4768.0,4817.0,4763.5
2024-01-19,ESH24,4811.25,4874.25,4808.5
2024-01-22,ESH24,4872.5,4898.25,4872.5
2024-01-23,ESH24,4881.75,4902.0,4874.25
2024-01-24,ESH24,4900.25,4933.25,4889.0
2024-01-25,ESH24,4899.5,4926.5,4893.25
2024-01-26,ESH24,4919.25,4934.25,4898.5
2024-01-29,ESH24,4908.75,4956.0,4901.75
2024-01-30,ESH24,4950.25,4957.25,4933.0
2024-01-31,ESH24,4930.25,4938.0,4866.0
2024-02-01,ESH24,4874.5,4963.75,4872.5
2024-02-02,ESH24,4952.75,4997.75,4925.75
2024-02-05,ESH24,4976.0,4980.75,4937.75
2024-02-06,ESH24,4959.5,4978.25,4954.5
2024-02-07,ESH24,4971.5,5020.0,4970.0
2024-02-08,ESH24,5015.75,5020.0,5003.75
2024-02-09,ESH24,5014.5,5048.5,5013.0
2024-02-12,ESH24,5042.5,5066.5,5031.5
2024-02-13,ESH24,5034.0,5040.0,4936.5
2024-02-14,ESH24,4974.25,5022.5,4968.75
2024-02-15,ESH24,5017.5,5051.75,5011.0
2024-02-16,ESH24,5049.5,5059.25,5012.75
2024-02-20,ESH24,5016.5,5029.5,4968.25
2024-02-21,ESH24,4990.0,5020.5,4959.0
2024-02-22,ESH24,5016.0,5107.75,5015.25
2024-02-23,ESH24,5094.25,5123.5,5092.0
2024-02-26,ESH24,5095.0,5108.0,5076.25
2024-02-27,ESH24,5077.5,5093.0,5067.0
2024-02-28,ESH24,5090.75,5091.25,5063.25
2024-02-29,ESH24,5072.0,5114.5,5060.0
2024-03-01,ESH24,5101.5,5149.25,5089.25
2024-03-04,ESH24,5142.0,5157.75,5132.0
2024-03-05,ESH24,5133.75,5135.5,5063.0
2024-03-06,ESH24,5091.0,5134.5,5083.75
2024-03-07,ESH24,5114.25,5170.5,5086.5
2024-03-08,ESH24,5159.25,5193.0,5121.75
2024-03-11,ESM24,5195.5,5196.0,5157.0
2024-03-12,ESM24,5191.75,5246.75,5176.25
2024-03-13,ESM24,5238.25,5247.5,5217.5
2024-03-14,ESM24,5236.5,5253.5,5188.0
2024-03-15,ESM24,5216.0,5230.75,5167.75
2024-03-18,ESM24,5185.75,5240.25,5181.75
2024-03-19,ESM24,5215.25,5244.75,5186.0
2024-03-20,ESM24,5239.75,5297.75,5233.0
2024-03-21,ESM24,5294.75,5322.75,5293.5
2024-03-22,ESM24,5306.75,5311.75,5287.75
2024-03-25,ESM24,5290.5,5295.0,5272.5
2024-03-26,ESM24,5280.75,5300.5,5263.0
2024-03-27,ESM24,5273.25,5313.75,5270.75
2024-03-28,ESM24,5308.0,5321.0,5301.0
2024-04-01,ESM24,5314.25,5333.5,5282.25
2024-04-02,ESM24,5294.5,5296.0,5235.0
2024-04-03,ESM24,5262.5,5280.75,5244.5
2024-04-04,ESM24,5270.75,5308.5,5192.5
2024-04-05,ESM24,5199.75,5272.5,5191.5
2024-04-08,ESM24,5263.25,5269.25,5236.5
2024-04-09,ESM24,5258.0,5274.25,5208.25
2024-04-10,ESM24,5264.25,5285.0,5176.5
2024-04-11,ESM24,5202.0,5257.5,5173.5
2024-04-12,ESM24,5244.0,5248.75,5150.0
2024-04-15,ESM24,5166.5,5213.25,5094.0
2024-04-16,ESM24,5101.25,5123.25,5078.75
2024-04-17,ESM24,5096.25,5120.5,5047.0
2024-04-18,ESM24,5063.0,5095.25,5038.5
2024-04-19,ESM24,5047.25,5058.0,4963.5
2024-04-22,ESM24,5014.25,5076.75,5006.0
2024-04-23,ESM24,5051.0,5113.5,5037.75
2024-04-24,ESM24,5115.25,5128.75,5072.25
2024-04-25,ESM24,5070.0,5132.75,5022.25
2024-04-26,ESM24,5132.0,5146.5,5104.5
2024-04-29,ESM24,5140.25,5154.25,5118.75
2024-04-30,ESM24,5148.5,5148.5,5051.0
2024-05-01,ESM24,5050.0,5126.75,5037.75
2024-05-02,ESM24,5057.0,5113.0,5036.25
2024-05-03,ESM24,5110.25,5166.75,5099.25
2024-05-06,ESM24,5166.75,5207.75,5155.75
2024-05-07,ESM24,5204.75,5226.75,5202.25
2024-05-08,ESM24,5211.75,5218.0,5188.75
2024-05-09,ESM24,5209.25,5244.75,5195.0
2024-05-10,ESM24,5240.75,5264.0,5232.75
2024-05-13,ESM24,5240.5,5264.0,5233.25
2024-05-14,ESM24,5241.75,5274.25,5216.75
2024-05-15,ESM24,5268.5,5337.25,5266.25
2024-05-16,ESM24,5331.5,5349.0,5315.5
2024-05-17,ESM24,5318.25,5328.75,5305.75
2024-05-20,ESM24,5329.25,5348.25,5323.75
2024-05-21,ESM24,5331.75,5347.5,5322.5
2024-05-22,ESM24,5343.5,5349.25,5306.75
2024-05-23,ESM24,5339.0,5368.25,5273.5
2024-05-24,ESM24,5285.75,5329.25,5285.75
2024-05-28,ESM24,5321.75,5339.0,5296.75
2024-05-29,ESM24,5323.75,5324.0,5268.25
2024-05-30,ESM24,5270.5,5277.0,5238.25
2024-05-31,ESM24,5250.5,5307.0,5205.5
2024-06-03,ESM24,5299.5,5313.25,5246.75
2024-06-04,ESM24,5300.25,5312.25,5262.0
2024-06-05,ESM24,5305.0,5368.25,5302.5
2024-06-06,ESM24,5367.75,5373.25,5345.25
2024-06-07,ESM24,5362.0,5385.5,5329.0
2024-06-10,ESM24,5351.5,5375.75,5338.25
2024-06-11,ESM24,5369.75,5386.25,5334.5
2024-06-12,ESM24,5384.5,5454.5,5380.0
2024-06-13,ESM24,5436.25,5452.75,5408.5
2024-06-14,ESM24,5436.0,5443.0,5397.75
2024-06-17,ESU24,5500.0,5561.0,5489.75
2024-06-18,ESU24,5548.0,5562.75,5541.5
2024-06-20,ESU24,5561.75,5588.0,5525.5
2024-06-21,ESU24,5545.0,5550.75,5519.0
2024-06-24,ESU24,5538.5,5558.5,5510.25
2024-06-25,ESU24,5516.0,5539.75,5511.0
2024-06-26,ESU24,5535.0,5551.75,5516.25
2024-06-27,ESU24,5533.0,5555.0,5515.75
2024-06-28,ESU24,5548.25,5585.0,5510.75
2024-07-01,ESU24,5534.25,5541.0,5504.5
2024-07-02,ESU24,5533.5,5569.75,5502.75
2024-07-03,ESU24,5563.75,5595.75,5559.75
2024-07-05,ESU24,5591.0,5626.0,5585.0
2024-07-08,ESU24,5612.0,5637.5,5610.75
2024-07-09,ESU24,5627.75,5645.75,5626.25
2024-07-10,ESU24,5631.75,5690.5,5630.75
2024-07-11,ESU24,5684.25,5707.75,5630.0
2024-07-12,ESU24,5638.5,5708.25,5621.25
2024-07-15,ESU24,5681.0,5718.75,5665.5
2024-07-16,ESU24,5688.75,5721.25,5673.0
2024-07-17,ESU24,5715.0,5717.75,5631.75
2024-07-18,ESU24,5644.0,5664.0,5570.25
2024-07-19,ESU24,5602.5,5607.5,5542.0
2024-07-22,ESU24,5564.5,5616.0,5553.5
2024-07-23,ESU24,5607.75,5629.75,5587.75
2024-07-24,ESU24,5585.0,5585.0,5462.0
2024-07-25,ESU24,5482.5,5533.25,5432.5
2024-07-26,ESU24,5446.0,5528.25,5445.25
2024-07-29,ESU24,5496.5,5534.5,5481.0
2024-07-30,ESU24,5504.5,5527.5,5433.0
2024-07-31,ESU24,5454.75,5588.5,5451.5
2024-08-01,ESU24,5574.75,5600.75,5444.75
2024-08-02,ESU24,5464.25,5473.25,5331.75
2024-08-05,ESU24,5330.0,5345.5,5120.0
2024-08-06,ESU24,5250.0,5342.0,5221.75
2024-08-07,ESU24,5241.5,5359.25,5196.75
2024-08-08,ESU24,5208.25,5361.0,5182.0
2024-08-09,ESU24,5348.25,5385.25,5319.5
2024-08-12,ESU24,5364.25,5396.75,5347.75
2024-08-13,ESU24,5372.5,5461.25,5367.5
2024-08-14,ESU24,5457.5,5487.75,5438.75
2024-08-15,ESU24,5481.25,5571.75,5471.75
2024-08-16,ESU24,5568.5,5586.25,5536.5
2024-08-19,ESU24,5584.0,5631.75,5565.25
2024-08-20,ESU24,5629.5,5643.75,5607.75
2024-08-21,ESU24,5619.5,5655.25,5613.5
2024-08-22,ESU24,5642.0,5665.25,5582.75
2024-08-23,ESU24,5597.75,5662.25,5597.75
2024-08-26,ESU24,5650.5,5669.0,5619.75
2024-08-27,ESU24,5630.0,5649.5,5611.5
2024-08-28,ESU24,5643.75,5650.5,5576.0
2024-08-29,ESU24,5580.5,5663.75,5561.25
2024-08-30,ESU24,5618.5,5665.0,5594.25
2024-09-03,ESU24,5656.25,5669.75,5516.75
2024-09-04,ESU24,5538.5,5565.0,5506.75
2024-09-05,ESU24,5527.5,5557.25,5490.0
2024-09-06,ESU24,5513.0,5532.5,5394.0
2024-09-09,ESU24,5410.0,5493.0,5405.25
2024-09-10,ESU24,5488.25,5506.0,5448.25
2024-09-11,ESU24,5499.25,5567.5,5412.0
2024-09-12,ESU24,5558.0,5607.0,5540.25
2024-09-13,ESU24,5598.5,5641.5,5597.25
2024-09-16,ESZ24,5684.0,5702.75,5669.5
2024-09-17,ESZ24,5694.25,5737.0,5677.75
2024-09-18,ESZ24,5701.0,5755.75,5675.25
2024-09-19,ESZ24,5693.0,5797.5,5691.0
2024-09-20,ESZ24,5776.0,5776.75,5733.5
2024-09-23,ESZ24,5762.0,5784.5,5745.25
2024-09-24,ESZ24,5774.0,5794.25,5754.75
2024-09-25,ESZ24,5792.25,5798.75,5768.0
2024-09-26,ESZ24,5783.5,5830.0,5778.25
2024-09-27,ESZ24,5804.25,5821.5,5782.0
2024-09-30,ESZ24,5784.0,5820.25,5756.25
2024-10-01,ESZ24,5807.0,5822.5,5733.0
2024-10-02,ESZ24,5760.25,5773.25,5724.0
2024-10-03,ESZ24,5769.5,5772.75,5725.75
2024-10-04,ESZ24,5745.75,5804.75,5741.0
2024-10-07,ESZ24,5802.0,5808.0,5734.25
2024-10-08,ESZ24,5752.5,5806.75,5725.25
2024-10-09,ESZ24,5799.25,5846.5,5780.75
2024-10-10,ESZ24,5836.0,5844.0,5811.5
2024-10-11,ESZ24,5831.0,5868.25,5816.0
2024-10-14,ESZ24,5854.5,5918.5,5850.0
2024-10-15,ESZ24,5914.25,5915.5,5850.0
2024-10-16,ESZ24,5861.0,5892.75,5853.25
2024-10-17,ESZ24,5882.75,5927.25,5871.25
2024-10-18,ESZ24,5888.25,5915.5,5876.25
2024-10-21,ESZ24,5911.5,5915.5,5865.0
2024-10-22,ESZ24,5900.75,5904.25,5861.25
2024-10-23,ESZ24,5887.25,5893.75,5801.0
2024-10-24,ESZ24,5844.0,5870.0,5822.5
2024-10-25,ESZ24,5853.25,5900.75,5835.0
2024-10-28,ESZ24,5857.0,5884.5,5857.0
2024-10-29,ESZ24,5867.0,5883.75,5837.5
2024-10-30,ESZ24,5883.0,5893.0,5840.25
2024-10-31,ESZ24,5840.0,5844.0,5733.25
2024-11-01,ESZ24,5742.0,5803.75,5732.5
2024-11-04,ESZ24,5741.75,5776.5,5724.25
2024-11-05,ESZ24,5752.25,5823.25,5735.0
2024-11-06,ESZ24,5820.25,5967.0,5814.75
2024-11-07,ESZ24,5963.5,6013.0,5951.0
2024-11-08,ESZ24,6007.75,6040.5,5990.25
2024-11-11,ESZ24,6030.0,6053.25,6013.5
2024-11-12,ESZ24,6029.25,6036.5,5986.75
2024-11-13,ESZ24,6012.25,6035.25,5991.75
2024-11-14,ESZ24,6017.75,6025.25,5964.25
2024-11-15,ESZ24,5972.0,5974.25,5876.75
2024-11-18,ESZ24,5899.75,5933.0,5886.5
2024-11-19,ESZ24,5919.0,5947.5,5855.0
2024-11-20,ESZ24,5937.75,5957.75,5880.0
2024-11-21,ESZ24,5937.25,5985.0,5905.25
2024-11-22,ESZ24,5967.0,5993.5,5940.75
2024-11-25,ESZ24,6006.0,6040.0,5982.5
2024-11-26,ESZ24,6013.25,6044.0,5976.25
2024-11-27,ESZ24,6041.75,6047.0,6000.25
2024-11-29,ESZ24,6015.0,6060.0,6014.75
2024-12-02,ESZ24,6051.5,6068.5,6036.0
2024-12-03,ESZ24,6064.0,6070.75,6047.5
2024-12-04,ESZ24,6067.0,6102.25,6063.0
2024-12-05,ESZ24,6095.25,6107.25,6081.5
2024-12-06,ESZ24,6085.5,6111.0,6076.0
2024-12-09,ESZ24,6096.25,6105.75,6060.0
2024-12-10,ESZ24,6065.25,6075.25,6039.75
2024-12-11,ESZ24,6052.75,6102.5,6045.5
2024-12-12,ESZ24,6087.5,6088.25,6055.5
2024-12-13,ESZ24,6065.0,6085.25,6041.25
2024-12-16,ESH25,6125.5,6163.75,6122.0
2024-12-17,ESH25,6150.25,6152.75,6114.25
2024-12-18,ESH25,6126.75,6148.0,5906.5
2024-12-19,ESH25,5949.5,6005.25,5931.25
2024-12-20,ESH25,5944.5,6050.75,5866.0
2024-12-23,ESH25,6001.75,6043.0,5965.0
2024-12-24,ESH25,6037.75,6099.5,6030.0
2024-12-26,ESH25,6099.25,6107.5,6063.25
2024-12-27,ESH25,6092.0,6095.25,5982.75
2024-12-30,ESH25,6028.75,6036.25,5918.25
2024-12-31,ESH25,5955.0,5983.25,5917.25
2025-01-02,ESH25,5949.25,5995.25,5874.75
2025-01-03,ESH25,5921.0,5996.75,5911.25
2025-01-06,ESH25,5994.5,6068.25,5980.75
2025-01-07,ESH25,6028.0,6045.5,5935.0
2025-01-08,ESH25,5955.5,5975.0,5917.0
2025-01-09,ESH25,5955.0,5959.25,5929.25
2025-01-10,ESH25,5943.75,5959.25,5845.25
2025-01-13,ESH25,5864.5,5883.25,5809.0
2025-01-14,ESH25,5887.25,5918.5,5842.5
2025-01-15,ESH25,5891.5,6001.25,5879.5
2025-01-16,ESH25,5988.5,6017.5,5961.75
2025-01-17,ESH25,5970.25,6051.5,5968.0
2025-01-21,ESH25,6032.25,6093.25,5994.5
2025-01-22,ESH25,6094.0,6135.75,6087.0
2025-01-23,ESH25,6120.0,6154.0,6101.5
2025-01-24,ESH25,6148.0,6162.25,6122.0
2025-01-27,ESH25,6102.25,6105.25,5948.0
2025-01-28,ESH25,6059.5,6105.5,6023.5
2025-01-29,ESH25,6090.75,6111.5,6042.25
2025-01-30,ESH25,6068.5,6116.25,6056.5
2025-01-31,ESH25,6106.0,6147.75,6057.75
2025-02-03,ESH25,5982.25,6062.0,5935.5
2025-02-04,ESH25,6069.0,6069.0,5987.0
2025-02-05,ESH25,6042.75,6092.0,6020.25
2025-02-06,ESH25,6090.25,6108.5,6070.0
2025-02-07,ESH25,6089.75,6123.25,6041.25
2025-02-10,ESH25,6016.0,6096.0,6014.0
2025-02-11,ESH25,6085.5,6098.75,6057.75
2025-02-12,ESH25,6090.75,6098.0,6020.75
2025-02-13,ESH25,6079.75,6138.0,6053.5
2025-02-14,ESH25,6131.75,6146.75,6121.25
2025-02-18,ESH25,6138.25,6157.75,6118.25
2025-02-19,ESH25,6143.75,6166.5,6129.25
2025-02-20,ESH25,6153.75,6159.5,6102.75
2025-02-21,ESH25,6132.5,6142.5,6024.5
2025-02-24,ESH25,6040.75,6067.5,5994.5
2025-02-25,ESH25,6006.5,6016.0,5924.0
2025-02-26,ESH25,5982.0,6023.75,5945.5
2025-02-27,ESH25,5980.0,6014.5,5873.0
2025-02-28,ESH25,5883.0,5971.0,5848.0
2025-03-03,ESH25,5967.5,6000.5,5821.75
2025-03-04,ESH25,5874.0,5884.0,5744.0
2025-03-05,ESH25,5832.0,5869.5,5750.75
2025-03-06,ESH25,5844.75,5853.5,5720.0
2025-03-07,ESH25,5766.0,5791.0,5673.0
2025-03-10,ESH25,5753.0,5757.75,5571.5
2025-03-11,ESH25,5622.0,5651.75,5534.0
2025-03-12,ESH25,5580.0,5675.0,5550.25
2025-03-13,ESH25,5596.5,5623.0,5509.25
2025-03-14,ESH25,5540.0,5648.75,5538.75
2025-03-17,ESM25,5678.75,5759.75,5651.5
2025-03-18,ESM25,5731.5,5738.25,5650.75
2025-03-19,ESM25,5670.5,5770.5,5657.5
2025-03-20,ESM25,5731.75,5765.25,5682.5
2025-03-21,ESM25,5715.25,5723.75,5651.25
2025-03-24,ESM25,5740.0,5825.5,5739.0
2025-03-25,ESM25,5813.0,5837.25,5802.25
2025-03-26,ESM25,5831.0,5836.5,5743.0
2025-03-27,ESM25,5737.25,5779.75,5720.0
2025-03-28,ESM25,5741.75,5747.75,5602.25
2025-03-31,ESM25,5590.0,5672.75,5533.75
2025-04-01,ESM25,5644.25,5694.75,5600.25
2025-04-02,ESM25,5672.0,5773.25,5566.25
2025-04-03,ESM25,5550.5,5564.75,5415.25
2025-04-04,ESM25,5423.0,5435.0,5074.0
2025-04-07,ESM25,5007.0,5286.5,4830.0
2025-04-08,ESM25,5126.5,5305.25,4940.5
2025-04-09,ESM25,5006.25,5520.0,4871.75
2025-04-10,ESM25,5502.5,5528.75,5146.75
2025-04-11,ESM25,5299.25,5418.25,5206.0
2025-04-14,ESM25,5452.5,5497.75,5391.0
2025-04-15,ESM25,5431.75,5485.0,5413.0
2025-04-16,ESM25,5403.75,5425.0,5251.0
2025-04-17,ESM25,5308.0,5371.25,5285.5
2025-04-21,ESM25,5283.75,5306.75,5127.25
2025-04-22,ESM25,5182.5,5339.25,5171.75
2025-04-23,ESM25,5379.75,5499.75,5377.75
2025-04-24,ESM25,5409.0,5541.5,5355.25
2025-04-25,ESM25,5529.0,5562.25,5480.25
2025-04-28,ESM25,5544.0,5578.75,5492.0
2025-04-29,ESM25,5543.0,5597.25,5521.5
2025-04-30,ESM25,5579.5,5626.25,5455.5
2025-05-01,ESM25,5617.5,5682.5,5601.75
2025-05-02,ESM25,5608.5,5724.75,5601.0
2025-05-05,ESM25,5705.0,5706.25,5655.25
2025-05-06,ESM25,5666.25,5673.25,5605.0
2025-05-07,ESM25,5608.5,5689.75,5596.0
2025-05-08,ESM25,5643.25,5741.0,5636.5
2025-05-09,ESM25,5688.5,5715.25,5662.5
2025-05-12,ESM25,5761.0,5876.25,5734.25
2025-05-13,ESM25,5868.0,5927.0,5835.75
2025-05-14,ESM25,5902.0,5925.0,5890.0
2025-05-15,ESM25,5904.0,5944.5,5867.0
2025-05-16,ESM25,5935.0,5977.5,5923.0
2025-05-19,ESM25,5930.25,5987.5,5892.75
2025-05-20,ESM25,5980.0,5993.5,5926.75
2025-05-21,ESM25,5953.5,5958.25,5847.75
2025-05-22,ESM25,5858.0,5895.0,5828.75
2025-05-23,ESM25,5869.25,5872.0,5756.5
2025-05-27,ESM25,5820.0,5941.75,5813.0
2025-05-28,ESM25,5940.75,5952.5,5890.0
2025-05-29,ESM25,5923.5,6008.0,5884.0
2025-05-30,ESM25,5912.25,5932.75,5853.25
2025-06-02,ESM25,5898.75,5955.5,5867.5
2025-06-03,ESM25,5949.0,5991.25,5909.25
2025-06-04,ESM25,5980.0,5999.0,5974.0
2025-06-05,ESM25,5974.25,6016.5,5928.75
2025-06-06,ESM25,5931.75,6025.0,5930.0
2025-06-09,ESM25,6010.0,6027.75,5992.25
2025-06-10,ESM25,6012.25,6049.5,5991.25
2025-06-11,ESM25,6038.75,6074.75,6006.25
2025-06-12,ESM25,6022.25,6051.25,5987.75
2025-06-13,ESM25,6045.0,6045.0,5927.5
2025-06-16,ESU25,6001.0,6109.0,6000.0
2025-06-17,ESU25,6093.0,6093.5,6030.25
2025-06-18,ESU25,6030.75,6073.75,6017.75
2025-06-20,ESU25,6038.25,6071.0,5969.5
2025-06-23,ESU25,5964.0,6081.5,5959.0
2025-06-24,ESU25,6078.0,6155.25,6075.25
2025-06-25,ESU25,6144.75,6160.25,6130.75
2025-06-26,ESU25,6144.75,6200.0,6141.25
2025-06-27,ESU25,6197.5,6239.0,6183.25
2025-06-30,ESU25,6223.25,6265.5,6223.25
2025-07-01,ESU25,6245.75,6261.5,6227.25
2025-07-02,ESU25,6247.75,6279.5,6235.5
2025-07-03,ESU25,6276.5,6333.25,6270.5
2025-07-07,ESU25,6307.75,6315.0,6246.25
2025-07-08,ESU25,6262.5,6289.0,6254.5
2025-07-09,ESU25,6272.0,6315.25,6260.0
2025-07-10,ESU25,6306.0,6335.5,6287.5
2025-07-11,ESU25,6323.0,6330.25,6276.75
2025-07-14,ESU25,6274.0,6315.0,6259.75
2025-07-15,ESU25,6309.5,6343.0,6272.5
2025-07-16,ESU25,6273.75,6308.75,6241.0
2025-07-17,ESU25,6299.25,6345.5,6288.25
2025-07-18,ESU25,6342.5,6357.0,6323.25
2025-07-21,ESU25,6335.75,6374.0,6329.75
2025-07-22,ESU25,6347.0,6353.75,6318.75
2025-07-23,ESU25,6346.5,6407.25,6342.75
2025-07-24,ESU25,6404.0,6418.25,6391.5
2025-07-25,ESU25,6406.75,6431.0,6401.0
2025-07-28,ESU25,6450.0,6457.75,6408.75
2025-07-29,ESU25,6424.25,6442.5,6396.25
2025-07-30,ESU25,6404.0,6435.25,6366.75
2025-07-31,ESU25,6435.5,6468.5,6357.5
2025-08-01,ESU25,6359.5,6373.5,6239.5
2025-08-04,ESU25,6257.0,6370.0,6251.25
2025-08-05,ESU25,6370.0,6377.5,6315.5
2025-08-06,ESU25,6323.0,6379.5,6313.25
2025-08-07,ESU25,6371.0,6426.75,6334.5
2025-08-08,ESU25,6372.5,6425.75,6369.25
2025-08-11,ESU25,6422.75,6431.5,6387.5
2025-08-12,ESU25,6396.0,6470.0,6391.25
2025-08-13,ESU25,6468.0,6502.5,6461.0
2025-08-14,ESU25,6485.0,6496.0,6453.25
2025-08-15,ESU25,6489.25,6508.75,6461.5
2025-08-18,ESU25,6467.0,6484.25,6456.0
2025-08-19,ESU25,6468.5,6477.5,6419.25
2025-08-20,ESU25,6433.0,6438.0,6362.75
2025-08-21,ESU25,6414.25,6419.0,6370.25
2025-08-22,ESU25,6392.0,6496.25,6364.0
2025-08-25,ESU25,6493.0,6494.0,6453.0
2025-08-26,ESU25,6460.25,6487.5,6430.75
2025-08-27,ESU25,6486.75,6505.5,6459.25
2025-08-28,ESU25,6485.0,6523.0,6471.0
2025-08-29,ESU25,6516.0,6518.0,6455.5
2025-09-02,ESU25,6478.75,6491.5,6371.75
2025-09-03,ESU25,6448.0,6464.25,6425.5
2025-09-04,ESU25,6460.0,6516.75,6454.5
2025-09-05,ESU25,6515.75,6541.75,6452.0
2025-09-08,ESU25,6483.75,6516.5,6480.25
2025-09-09,ESU25,6507.75,6536.25,6489.25
2025-09-10,ESU25,6532.25,6565.25,6522.5
2025-09-11,ESU25,6535.75,6600.0,6535.5
2025-09-12,ESU25,6596.25,6606.0,6576.0
2025-09-15,ESZ25,6645.0,6681.25,6641.75
2025-09-16,ESZ25,6673.25,6696.75,6661.25
2025-09-17,ESZ25,6669.5,6686.5,6611.0
2025-09-18,ESZ25,6664.5,6719.75,6664.0
2025-09-19,ESZ25,6700.0,6731.5,6679.5
2025-09-22,ESZ25,6716.0,6756.75,6695.25
2025-09-23,ESZ25,6749.5,6756.5,6701.75
2025-09-24,ESZ25,6717.75,6728.75,6678.0
2025-09-25,ESZ25,6697.25,6705.25,6624.25
2025-09-26,ESZ25,6662.75,6703.75,6653.25
2025-09-29,ESZ25,6697.0,6736.0,6696.25
2025-09-30,ESZ25,6708.0,6743.5,6693.0
2025-10-01,ESZ25,6725.5,6769.5,6680.0
2025-10-02,ESZ25,6757.0,6782.25,6741.5
2025-10-03,ESZ25,6764.75,6800.0,6754.0
2025-10-06,ESZ25,6768.0,6797.75,6766.5
2025-10-07,ESZ25,6789.5,6802.75,6747.25
2025-10-08,ESZ25,6766.0,6807.75,6758.25
2025-10-09,ESZ25,6802.75,6812.25,6760.75
2025-10-10,ESZ25,6779.5,6806.5,6540.25
2025-10-13,ESZ25,6632.0,6711.5,6632.0
2025-10-14,ESZ25,6691.0,6722.5,6593.25
2025-10-15,ESZ25,6684.25,6766.75,6651.5
2025-10-16,ESZ25,6715.25,6750.5,6632.0
2025-10-17,ESZ25,6659.25,6718.0,6571.25
2025-10-20,ESZ25,6721.0,6783.0,6694.0
2025-10-21,ESZ25,6779.5,6789.75,6759.25
2025-10-22,ESZ25,6776.0,6788.75,6690.75
2025-10-23,ESZ25,6733.5,6785.75,6717.5
2025-10-24,ESZ25,6778.25,6841.25,6776.5
2025-10-27,ESZ25,6881.0,6916.25,6865.75
2025-10-28,ESZ25,6914.0,6944.75,6901.5
2025-10-29,ESZ25,6929.25,6952.0,6882.25
2025-10-30,ESZ25,6906.5,6953.75,6851.0
2025-10-31,ESZ25,6897.0,6918.5,6843.5
2025-11-03,ESZ25,6878.0,6909.5,6849.5
2025-11-04,ESZ25,6884.0,6884.0,6786.25
2025-11-05,ESZ25,6801.0,6857.75,6748.5
2025-11-06,ESZ25,6828.5,6843.5,6733.5
2025-11-07,ESZ25,6763.0,6772.0,6655.5
2025-11-10,ESZ25,6788.0,6865.75,6772.0
2025-11-11,ESZ25,6857.25,6880.0,6830.5
2025-11-12,ESZ25,6874.0,6900.5,6852.0
2025-11-13,ESZ25,6873.25,6892.5,6746.0
2025-11-14,ESZ25,6762.75,6795.5,6670.5
2025-11-17,ESZ25,6764.75,6801.5,6658.5
2025-11-18,ESZ25,6696.5,6708.75,6594.0
2025-11-19,ESZ25,6630.75,6709.0,6613.25
2025-11-20,ESZ25,6697.5,6791.25,6550.5
2025-11-21,ESZ25,6560.0,6677.5,6525.0
2025-11-24,ESZ25,6654.75,6731.75,6625.0
2025-11-25,ESZ25,6726.25,6792.5,6674.5
2025-11-26,ESZ25,6781.0,6846.75,6778.25
2025-11-28,ESZ25,6830.75,6863.75,6824.25
2025-12-01,ESZ25,6854.75,6864.5,6802.0
2025-12-02,ESZ25,6829.0,6863.5,6812.25
2025-12-03,ESZ25,6843.0,6873.25,6817.5
2025-12-04,ESZ25,6866.0,6880.75,6836.25
2025-12-05,ESZ25,6865.5,6905.0,6856.75
2025-12-08,ESZ25,6883.0,6893.75,6835.25
2025-12-09,ESZ25,6865.0,6872.75,6844.0
2025-12-10,ESZ25,6847.25,6908.0,6830.75
2025-12-11,ESZ25,6887.0,6928.75,6817.5
2025-12-12,ESZ25,6914.0,6915.5,6805.0
2025-12-15,ESH26,6890.0,6932.25,6864.25
2025-12-16,ESH26,6882.75,6892.0,6817.5
2025-12-17,ESH26,6849.25,6882.5,6775.5
2025-12-18,ESH26,6792.0,6872.0,6771.5
2025-12-19,ESH26,6824.75,6895.25,6820.0
2025-12-22,ESH26,6906.25,6936.25,6900.5
2025-12-23,ESH26,6930.75,6963.75,6913.25
2025-12-24,ESH26,6959.5,6988.0,6952.5
2025-12-26,ESH26,6979.5,6994.0,6969.0
2025-12-29,ESH26,6980.5,6984.75,6936.0
2025-12-30,ESH26,6956.5,6961.5,6940.75
2025-12-31,ESH26,6945.5,6951.5,6890.25
2026-01-02,ESH26,6902.0,6939.75,6880.25
